Season,Mean,STD
MAM,0.050198409478697525,0.7177596632736231
AMJ,-0.11029930319637059,0.7961735576659992
MJJ,-0.2527569161314103,0.7676201339860187
JJA,-0.34788888883259556,0.7267855126540245
JAS,-0.4253379891316096,0.7021683785762013
ASO,-0.478428251710203,0.6986848353894158
SON,-0.5445925308598413,0.717033054965415
OND,-0.5782829857534832,0.7206144169448616
NDJ,-0.6395738985803393,0.7280232976576165
